{
    "background_image": "",
    "gameObjects": [
        {
            "components": [
                null
            ],
            "name": "test",
            "position": [
                0.0,
                8.199999809265137,
                3.0999999046325684
            ],
            "rotation": 360.0,
            "scale": [
                130.0,
                124.9000015258789
            ]
        },
        {
            "components": [
                null
            ],
            "name": "test2",
            "position": [
                10.0,
                0.0,
                0.10000000149011612
            ],
            "rotation": 0.0,
            "scale": [
                1.0,
                1.0
            ]
        }
    ]
}
